,betas,ci0,ci1,df,n,predictors,pvals,r2,se,tvals
const,34.49245202826501,-464.04324768592704,533.0281517424571,31.0,33.0,const,0.8886969041467503,0.8439320670034556,244.43854518098368,0.14110889100050322
glam_full,1.0451914634528565,0.8805479312571495,1.2098349956485637,31.0,33.0,glam_full,4.825729509323256e-14,0.8439320670034556,0.08072686771769698,12.947256508302862
