,betas,ci0,ci1,df,n,predictors,pvals,r2,se,tvals
const,-279.8200999265764,-824.7565940121029,265.11639415895013,31.0,33.0,const,0.30307121232783263,0.8449866172344218,267.18945886253823,-1.0472722281702598
glam_nobias,1.155172762538514,0.97393347437307,1.3364120507039579,31.0,33.0,glam_nobias,4.341814490623435e-14,0.8449866172344218,0.08886398296891522,12.999335883274503
