,betas,ci0,ci1,df,n,predictors,pvals,r2,se,tvals
const,-0.014328099835597019,-0.23611880900504115,0.2074626093338471,31.0,33.0,const,0.896028380997778,0.5621419707830052,0.10874687272168934,-0.13175643103104434
glam_nobias,1.0315818130604246,0.6980839496384477,1.3650796764824016,31.0,33.0,glam_nobias,5.114023009586215e-07,0.5621419707830052,0.16351834503039456,6.30866104270243
