,betas,ci0,ci1,df,n,predictors,pvals,r2,se,tvals
const,0.37952965356730917,0.3078077736769529,0.45125153345766544,31.0,33.0,const,5.0283670450569724e-12,0.09381348746866558,0.035166171626414534,10.792464348954928
glam_nobias,-2.894532614127404,-6.189873371867064,0.4008081436122555,31.0,33.0,glam_nobias,0.0829892059841812,0.09381348746866558,1.6157484833268239,-1.79144999608328
