,betas,ci0,ci1,df,n,predictors,pvals,r2,se,tvals
const,-0.0038718607982581865,-0.20217517310551109,0.1944314515089947,31.0,33.0,const,0.9684908879044172,0.6189931235163605,0.09723069620238724,-0.03982138305580829
glam_nobias,1.0158593573764279,0.723913171245283,1.3078055435075728,31.0,33.0,glam_nobias,5.6702038921648714e-08,0.6189931235163605,0.14314501659549297,7.096714796904868
