,betas,ci0,ci1,df,n,predictors,pvals,r2,se,tvals
const,0.3740470144467037,0.29856149936558607,0.4495325295278213,31.0,33.0,const,2.488492384615258e-11,0.008230181630773159,0.037011530968080686,10.106229184879911
glam_nobias,-1.0961374177856813,-5.503831688708716,3.311556853137353,31.0,33.0,glam_nobias,0.6156031349725452,0.008230181630773159,2.161149895192374,-0.5072010137862784
