,betas,ci0,ci1,df,n,predictors,pvals,r2,se,tvals
const,0.05786297976481902,-0.07046887503142679,0.18619483456106484,31.0,33.0,const,0.3648891651857711,0.49645215178880286,0.06292277946144158,0.9195871552412406
glam_full,0.7589475987525405,0.47895974544849707,1.0389354520565839,31.0,33.0,glam_full,4.720073784234887e-06,0.49645215178880286,0.13728169029664924,5.528396373271234
