,predictors,tvals,pvals,betas,se,ci0,ci1,df,n,r2
const,const,0.4302021452751905,0.6702288008995688,108.5651330637179,252.35841860870138,-407.5657851165313,624.6960512439671,29.0,31.0,0.8112403624379374
glam_full_L,glam_full_L,11.163984035141851,5.127442408770255e-12,1.0120091273438552,0.09064946027854083,0.8266101641388525,1.197408090548858,29.0,31.0,0.8112403624379374
