,predictors,tvals,pvals,betas,se,ci0,ci1,df,n,r2
const,const,0.24551137364823,0.8077897038368543,0.018799870728425427,0.0765743372661911,-0.1378122336750555,0.17541197513190634,29.0,31.0,0.7476309778364192
glam_full_L,glam_full_L,9.26882367412291,3.58973157755413e-10,0.9926742747936113,0.10709819386951992,0.7736338740727942,1.2117146755144284,29.0,31.0,0.7476309778364192
