,predictors,tvals,pvals,betas,se,ci0,ci1,df,n,r2
const,const,1.8935645164522281,0.06829868649572113,0.09556845083688534,0.05047013186323424,-0.007654558892147556,0.19879146056591823,29.0,31.0,0.5984373338725066
glam_full_L,glam_full_L,6.57402988705991,3.3415176838564454e-07,0.8612405282071769,0.1310064820213873,0.5933021878655106,1.129178868548843,29.0,31.0,0.5984373338725066
