,betas,ci0,ci1,df,n,predictors,pvals,r2,se,tvals
const,-0.014379691421522012,-0.1684573857679258,0.13969800292488177,31.0,33.0,const,0.8502815547060362,0.7491214700588776,0.07554629983864133,-0.19034276267978004
glam_full,1.0363375382324858,0.8166514370267739,1.2560236394381976,31.0,33.0,glam_full,7.995726739003943e-11,0.7491214700588776,0.10771495603222067,9.621110906107479
