,betas,ci0,ci1,df,n,predictors,pvals,r2,se,tvals
const,1030.7772581273575,363.2496014875013,1698.3049147672136,31.0,33.0,const,0.003608603228430163,0.5087817993584189,327.2975021661676,3.149358767803966
glam_nobias,0.6669798753253562,0.42691429461504454,0.9070454560356678,31.0,33.0,glam_nobias,3.1791501490651427e-06,0.5087817993584189,0.11770728020179552,5.666428399177148
