,betas,ci0,ci1,df,n,predictors,pvals,r2,se,tvals
const,679.1792850314835,182.23487084121473,1176.1236992217523,29.0,31.0,const,0.009102983279053943,0.7889379061544206,242.97731851376372,2.7952373875301064
glam_full_D,0.7964743454854621,0.6400160549739871,0.9529326359969372,29.0,31.0,glam_full_D,2.6227046907742518e-11,0.7889379061544206,0.07649913109430842,10.41154760965279
