,predictors,tvals,pvals,betas,se,ci0,ci1,df,n,r2
const,const,0.7194680870578344,0.4776109614204368,0.044064466433281255,0.06124589432934659,-0.0811974521080256,0.16932638497458813,29.0,31.0,0.548233489243831
glam_full_D,glam_full_D,5.932322637382375,1.9180718260566326e-06,0.7860983392164727,0.13251105633784896,0.5150827988839874,1.0571138795489579,29.0,31.0,0.548233489243831
