,betas,ci0,ci1,df,n,predictors,pvals,r2,se,tvals
const,-676.7004582889272,-1081.6232908289999,-271.7776257488544,31.0,33.0,const,0.0018299149631988492,0.9118351269698334,198.53893743898877,-3.4084017322641205
glam_full,1.2986199185871108,1.1507031468623508,1.4465366903118708,31.0,33.0,glam_full,6.662189370997232e-18,0.9118351269698334,0.07252551925367913,17.905696256304065
