,predictors,tvals,pvals,betas,se,ci0,ci1,df,n,r2
const,const,-2.6206192718728163,0.013826233956131634,-526.0263666814303,200.72597814084892,-936.5570871211755,-115.49564624168511,29.0,31.0,0.910303642130924
glam_full_L,glam_full_L,17.155553507433797,1.0029264574477731e-16,1.2541090775545383,0.07310222179722217,1.1045982466291,1.4036199084799765,29.0,31.0,0.910303642130924
