,predictors,tvals,pvals,betas,se,ci0,ci1,df,n,r2
const,const,-0.0605014275359192,0.952171308505507,-9.934209577791307,164.19793684857186,-345.7566971975241,325.8882780419415,29.0,31.0,0.9187916927693025
glam_full_L,glam_full_L,18.11370539387076,2.3624674616622387e-17,1.0831833847815546,0.059799105772586854,0.9608804810824312,1.205486288480678,29.0,31.0,0.9187916927693025
