,predictors,tvals,pvals,betas,se,ci0,ci1,df,n,r2
const,const,0.8652337920527955,0.3940119167654361,0.06926816659918861,0.08005716747937874,-0.09446712539481905,0.23300345859319627,29.0,31.0,0.6845904119132671
glam_full_D,glam_full_D,7.933721650729215,9.478139722260465e-09,0.92187693979492,0.11619728802940638,0.6842268019817466,1.1595270776080935,29.0,31.0,0.6845904119132671
