,predictors,tvals,pvals,betas,se,ci0,ci1,df,n,r2
const,const,-0.4072838682485839,0.6867903425773467,-0.03307752941583478,0.08121492647886082,-0.19918070443402908,0.13302564560235952,29.0,31.0,0.7390501326264505
glam_full_L,glam_full_L,9.062695919292123,5.860256288379967e-10,1.0294189624258943,0.11358860228715487,0.7971041860197826,1.261733738832006,29.0,31.0,0.7390501326264505
