,betas,ci0,ci1,df,n,predictors,pvals,r2,se,tvals
const,0.10617111569640322,0.005493763151313905,0.20684846824149256,31.0,33.0,const,0.03939983198841341,0.594964966614652,0.04936341690856461,2.1508056440473515
glam_full,0.8440636739146593,0.5889571685734178,1.0991701792559008,31.0,33.0,glam_full,1.489647730417741e-07,0.594964966614652,0.12508204140158338,6.748080415514985
