,betas,ci0,ci1,df,n,predictors,pvals,r2,se,tvals
const,-2.8923256426733133,-566.4300218624808,560.6453705771341,31.0,33.0,const,0.9917152216267296,0.812169375205418,276.309870481862,-0.010467688460167318
glam_full_D,1.0676127797132986,0.879542839401235,1.2556827200253622,31.0,33.0,glam_full_D,8.675968948174287e-13,0.812169375205418,0.09221314066076013,11.577664225111949
