,predictors,tvals,pvals,betas,se,ci0,ci1,df,n,r2
const,const,0.9757601799255488,0.3372530851451657,0.04190106665126151,0.042941972334286684,-0.04592512805846407,0.12972726136098708,29.0,31.0,0.7605663363015345
glam_full_D,glam_full_D,9.59787176216923,1.660749394973187e-10,0.8917273071482248,0.09290885825991532,0.7017073562183401,1.0817472580781093,29.0,31.0,0.7605663363015345
