,predictors,tvals,pvals,betas,se,ci0,ci1,df,n,r2
const,const,2.0080057371868247,0.05403853217796907,0.11689265660398149,0.058213308079361224,-0.0021669266465312587,0.23595223985449423,29.0,31.0,0.5024703573108706
glam_full_L,glam_full_L,5.4118374233049975,8.078921441671065e-06,0.8177590633020384,0.15110562260804847,0.5087133648511402,1.1268047617529366,29.0,31.0,0.5024703573108706
