,betas,ci0,ci1,df,n,predictors,pvals,r2,se,tvals
const,0.41726452224290644,0.34275100739871794,0.49177803708709494,31.0,33.0,const,1.2245459986125356e-12,0.008599090926543651,0.03653494659515266,11.420969814645021
glam_nobias,-0.9980374311889963,-4.923500913270892,2.9274260508928993,31.0,33.0,glam_nobias,0.6077632716335077,0.008599090926543651,1.9247058601245068,-0.5185402361296051
