,predictors,tvals,pvals,betas,se,ci0,ci1,df,n,r2
const,const,2.061471391987936,0.048322918426731754,0.16050339645265488,0.07785865817806807,0.0012645608501922756,0.3197422320551175,29.0,31.0,0.6476951610040607
glam_full_L,glam_full_L,7.301717410552081,4.833934752224885e-08,0.8066847172443508,0.11047876436282919,0.5807302735432984,1.032639160945403,29.0,31.0,0.6476951610040607
