,predictors,tvals,pvals,betas,se,ci0,ci1,df,n,r2
const,const,3.8138567720980356,0.0006615779337935879,0.18699990270085218,0.04903170566575365,0.08671880486892682,0.28728100053277755,29.0,31.0,0.4599668147468683
glam_full_L,glam_full_L,4.969950059089123,2.7576116272001086e-05,0.6829744505685199,0.137420787422096,0.4019173826876322,0.9640315184494076,29.0,31.0,0.4599668147468683
