,betas,ci0,ci1,df,n,predictors,pvals,r2,se,tvals
const,885.0308812487958,94.58757012868477,1675.4741923689069,31.0,33.0,const,0.029405570119392918,0.4584341403889347,387.56464808640317,2.283569684744539
glam_nobias,0.6871488158795236,0.4135692277907923,0.9607284039682549,31.0,33.0,glam_nobias,1.511108625324843e-05,0.4584341403889347,0.13413963441727528,5.12263820357504
