,betas,ci0,ci1,df,n,predictors,pvals,r2,se,tvals
const,0.15943632429920984,-0.017392969837971922,0.3362656184363916,31.0,33.0,const,0.07552575367165862,0.5475610545730216,0.08670170547275349,1.8389064370748003
glam_nobias,0.7560627369349926,0.5043140145470246,1.0078114593229606,31.0,33.0,glam_nobias,8.598456086968025e-07,0.5475610545730216,0.12343567669670424,6.125155685683373
