,betas,ci0,ci1,df,n,predictors,pvals,r2,se,tvals
const,0.40161167605537396,0.3257689844124276,0.47745436769832034,31.0,33.0,const,4.943771414489699e-12,0.02677720370951342,0.03718665928726871,10.799885866404525
glam_nobias,-2.05262348701623,-6.585548610504844,2.4803016364723844,31.0,33.0,glam_nobias,0.36285719655200166,0.02677720370951342,2.2225522128808644,-0.9235434268406351
