,betas,ci0,ci1,df,n,predictors,pvals,r2,se,tvals
const,0.12180190472303282,-0.10627952669736412,0.34988333614342976,31.0,33.0,const,0.2844792126994871,0.4721635008334797,0.1118312957550691,1.0891575913579787
glam_nobias,0.8115862901093023,0.4972576665157164,1.125914913702888,31.0,33.0,glam_nobias,1.0017460900284119e-05,0.4721635008334797,0.1541194171330272,5.265957432273356
