,betas,ci0,ci1,df,n,predictors,pvals,r2,se,tvals
const,-0.042298283505723566,-0.1735871604579718,0.08899059344652466,31.0,33.0,const,0.5159755513267302,0.7996514982649182,0.06437264592896948,-0.6570847429884525
glam_full_D,1.0756465005301221,0.8784233162205308,1.2728696848397134,31.0,33.0,glam_full_D,2.3754767103516754e-12,0.7996514982649182,0.09670109538040196,11.12341588581549
